<?xml version="1.0" encoding="UTF-8"?>
<project-private xmlns="http://www.netbeans.org/ns/project-private/1">
    <editor-bookmarks xmlns="http://www.netbeans.org/ns/editor-bookmarks/2" lastBookmarkId="0"/>
    <open-files xmlns="http://www.netbeans.org/ns/projectui-open-files/2">
        <group>
            <file>file:/C:/Users/ajd34/OneDrive/Documents/NetBeansProjects/C482-Amanda/src/Model/Outsourced.java</file>
            <file>file:/C:/Users/ajd34/OneDrive/Documents/NetBeansProjects/C482-Amanda/src/Model/Inventory.java</file>
            <file>file:/C:/Users/ajd34/OneDrive/Documents/NetBeansProjects/C482-Amanda/src/ViewController/MainScreenController.java</file>
            <file>file:/C:/Users/ajd34/OneDrive/Documents/NetBeansProjects/C482-Amanda/src/ViewController/ModifyPartController.java</file>
            <file>file:/C:/Users/ajd34/OneDrive/Documents/NetBeansProjects/C482-Amanda/src/ViewController/MainScreen.fxml</file>
            <file>file:/C:/Users/ajd34/OneDrive/Documents/NetBeansProjects/C482-Amanda/src/ViewController/AddProductController.java</file>
            <file>file:/C:/Users/ajd34/OneDrive/Documents/NetBeansProjects/C482-Amanda/src/ViewController/AddPartController.java</file>
            <file>file:/C:/Users/ajd34/OneDrive/Documents/NetBeansProjects/C482-Amanda/src/Main/Main.java</file>
            <file>file:/C:/Users/ajd34/OneDrive/Documents/NetBeansProjects/C482-Amanda/src/ViewController/Modifyproduct.fxml</file>
            <file>file:/C:/Users/ajd34/OneDrive/Documents/NetBeansProjects/C482-Amanda/src/Model/Product.java</file>
            <file>file:/C:/Users/ajd34/OneDrive/Documents/NetBeansProjects/C482-Amanda/src/Model/Inhouse.java</file>
            <file>file:/C:/Users/ajd34/OneDrive/Documents/NetBeansProjects/C482-Amanda/src/Model/Part.java</file>
        </group>
    </open-files>
</project-private>
